"bairro_key","NM_BAIRRO_DADOS","Casos"
"goytacases","Goytacases",1918
"travessao","Travessao",1565
"farol de sao tome","Farol De Sao Tome",1553
"parque novo jockey","Pq Novo Jockey",1052
"parque penha","Pq Penha",1023
"tocos","Tocos",797
"donana","Donana",703
"tapera","Tapera",500
"baixa grande","Baixa Grande",472
"parque imperial","Pq Imperial",444
"parque aeroporto","Pq Aeroporto",421
"parque calabouco","Pq Calabouco",398
"ururai","Ururai",393
"custodopolis","Custodopolis",337
"saturnino braga","Saturnino Braga",321
"parque brasilia","Pq Brasilia",299
"parque vicente goncalves","Pq Vicente Goncalves",288
"parque presid vargas","Pq Presid Vargas",250
"boa vista","Boa Vista",231
"parque rodoviario","Pq Rodoviario",231
"parque santa clara","Pq Santa Clara",229
"conselheiro josino","Conselheiro Josino",209
"tres vendas","Tres Vendas",180
"codim","Codim",175
"poco gordo","Poco Gordo",172
"parque aldeia","Pq Aldeia",161
"parque lebret","Pq Lebret",156
"ponta da lama","Ponta Da Lama",150
"alphaville","Alphaville",148
"parque santa helena","Pq Santa Helena",148
"parque tropical","Pq Tropical",142
"vila nova","Vila Nova",141
"nova campos","Nova Campos",130
"mineiros","Mineiros",128
"parque flamboyant","Pq Flamboyant",124
"jardim ceasa","Jd Ceasa",116
"santa cruz","Santa Cruz",116
"parque jardim carioca","Pq Jd Carioca",111
"barcelos","Barcelos",110
"morro do coco","Morro Do Coco",107
"dores de macabu","Dores De Macabu",106
"guandu","Guandu",105
"mussurepe","Mussurepe",105
"babosa","Babosa",104
"carvao","Carvao",104
"penha","Penha",96
"campo novo","Campo Novo",95
"ponta grossa","Ponta Grossa",87
"barbosa","Barbosa",78
"parque varanda do visco","Pq Varanda Do Visco",78
"ibitioca","Ibitioca",77
"parque santos dumont","Pq Santos Dumont",74
"sao sebastiao","Sao Sebastiao",73
"canaa","Canaa",72
"novo eldorado","Novo Eldorado",71
"santo amaro","Santo Amaro",70
"vivenda do coq i","Vivenda Do Coq i",69
"nova brasilia","Nova Brasilia",67
"jardim lagoa das pedras","Jd Lagoa Das Pedras",65
"grussai","Grussai",64
"venda nova","Venda Nova",62
"sao jorge","Sao Jorge",61
"martins lage","Martins Lage",58
"terra prometida","Terra Prometida",58
"nova canaa","Nova Canaa",57
"parque boa vista","Pq Boa Vista",57
"parque caju","Pq Caju",54
"parque maciel","Pq Maciel",49
"arraial","Arraial",48
"rio preto","Rio Preto",48
"campo limpo","Campo Limpo",47
"lagoa de cima","Lagoa De Cima",47
"coqueiro de tocos","Coqueiro De Tocos",46
"nova goytacazes","Nova Goytacazes",46
"vila romana","Vila Romana",45
"pelinca","Pelinca",44
"fazendinha","Fazendinha",43
"brejo grande","Brejo Grande",41
"serrinha","Serrinha",41
"vila manhaes","Vila Manhaes",41
"marrecas","Marrecas",40
"horto municipal","Horto Municipal",39
"santa ana","Santa Ana",39
"saraiva","Saraiva",39
"jardim das acacias","Jardim Das Acacias",38
"pernambuca","Pernambuca",38
"balanca rangel","Balanca Rangel",37
"vila menezes","Vila Menezes",36
"parque santa maria","Pq Santa Maria",35
"goitacazes","Goitacazes",34
"usina sapucaia","Usina Sapucaia",34
"cazumba","Cazumba",33
"correntezas","Correntezas",32
"caxeta","Caxeta",31
"chatuba","Chatuba",31
"sao benedito","Sao Benedito",30
"sao martinho","Sao Martinho",30
"atafona","Atafona",29
"outeiro","Outeiro",29
"caxias de tocos","Caxias De Tocos",27
"guarus","Guarus",27
"km 14","Km 14",26
"palmares","Palmares",26
"santa rosa","Santa Rosa",26
"espinho","Espinho",25
"parque real","Pq Real",22
"parque saraiva","Pq Saraiva",22
"vila dos coroados","Vila Dos Coroados",21
"caxias","Caxias",20
"iterere","Iterere",20
"nova goitacazes","Nova Goitacazes",20
"parque ceasa","Pq Ceasa",20
"usina cambaiba","Usina Cambaiba",20
"usina sao joao","Usina Sao Joao",20
"bugalho","Bugalho",19
"fazenda campelo","Fazenda Campelo",19
"goytacazes","Goytacazes",19
"novo horizonte","Novo Horizonte",19
"pecuaria","Pecuaria",19
"solar da penha","Solar Da Penha",19
"veiga","Veiga",19
"conceicao do imbe","Conceicao Do Imbe",18
"veredas","Veredas",18
"km 15","Km 15",17
"matadouro","Matadouro",17
"pureza","Pureza",16
"cidade luz","Cidade Luz",15
"jardim marilea","Jardim Marilea",15
"vicente dias","Vicente Dias",15
"km 13","Km 13",14
"santa maria","Santa Maria",14
"turf club","Turf Club",14
"acu","Acu",13
"campo de areia","Campo De Areia",13
"ipuca","Ipuca",13
"ribeiro amparo","Ribeiro Amparo",13
"alto de areias","Alto De Areias",12
"capao","Capao",12
"eldorado","Eldorado",12
"praca joao pessoa","Praca Joao Pessoa",12
"santa clara","Santa Clara",12
"santo eduardo","Santo Eduardo",12
"barra do itabapoana","Barra Do Itabapoana",11
"guriri","Guriri",11
"joquei club","Joquei Club",11
"ponta do coqueiro","Ponta Do Coqueiro",11
"sao joaquim","Sao Joaquim",11
"tocaia","Tocaia",11
"carmo","Carmo",10
"chave do paraiso","Chave Do Paraiso",10
"costa azul","Costa Azul",10
"floresta","Floresta",10
"nova sao joao da barra","Nova Sao Joao Da Barra",10
"po o gordo","Poþo Gordo",10
"vila da rainha","Vila Da Rainha",10
"cachoeiro","Cachoeiro",9
"cajueiro","Cajueiro",9
"estancia da penha","Estancia Da Penha",9
"fazenda boa vista","Fazenda Boa Vista",9
"fundao","Fundao",9
"gargau","Gargau",9
"mato escuro","Mato Escuro",9
"morangaba","Morangaba",9
"mundeus","Mundeus",9
"quilombo","Quilombo",9
"sao caetano","Sao Caetano",9
"agua preta","Agua Preta",8
"barao de macaubas","Barao De Macaubas",8
"farol","Farol",8
"retiro","Retiro",8
"agua santa","Agua Santa",7
"guaxindiba","Guaxindiba",7
"lago do garcia","Lago Do Garcia",7
"largo do garcia","Largo Do Garcia",7
"presidente vargas","Presidente Vargas",7
"real","Real",7
"recreio","Recreio",7
"saldanha da gama","Saldanha Da Gama",7
"usina santa cruz","Usina Santa Cruz",7
"visconde de ururai","Visconde De Ururai",7
"alvorada","Alvorada",6
"amendoeira","Amendoeira",6
"bariri","Bariri",6
"jardim primavera","Jd Primavera",6
"km 8","Km 8",6
"morro grande","Morro Grande",6
"prazeres","Prazeres",6
"radio velho","Radio Velho",6
"santa helena","Santa Helena",6
"santa rita","Santa Rita",6
"sao vicente","Sao Vicente",6
"soo caetano","Sòo Caetano",6
"tapera 2","Tapera 2",6
"turf","Turf",6
"aldeia 2","Aldeia 2",5
"buena","Buena",5
"cimento paraiso","Cimento Paraiso",5
"granja dos cavaleiros","Granja Dos Cavaleiros",5
"imburi","Imburi",5
"jockey","Jockey",5
"jockey 2","Jockey 2",5
"jockey club","Jockey Club",5
"nova divineia","Nova Divineia",5
"novo jockey","Novo Jockey",5
"olhos dagua ii","Olhos Dagua Ii",5
"palmeiras","Palmeiras",5
"parque industrial","Parque Industrial",5
"planicie","Planicie",5
"quixaba","Quixaba",5
"sao matheus","Sao Matheus",5
"tapera i","Tapera i",5
"tapera ii","Tapera Ii",5
"vila do sol","Vila Do Sol",5
"aldeia","Aldeia",4
"aldeia ii","Aldeia Ii",4
"alto do eliseu","Alto Do Eliseu",4
"angelim","Angelim",4
"aurora","Aurora",4
"caboio","Caboio",4
"california","California",4
"degredo","Degredo",4
"estancia","Estancia",4
"gamboa","Gamboa",4
"imperial","Imperial",4
"jardim botanico","Jardim Botanico",4
"jardim de campos","Jardim De Campos",4
"km 08","Km 08",4
"km14","Km14",4
"lebret","Lebret",4
"macuco","Macuco",4
"novo mundo","Novo Mundo",4
"palacete","Palacete",4
"poao gordo","Poão Gordo",4
"ponto do carmo","Ponto Do Carmo",4
"recanto da penha","Recanto Da Penha",4
"sabonete","Sabonete",4
"santo antonio","Santo Antonio",4
"sao bento","Sao Bento",4
"sao jose","Sao Jose",4
"saudade","Saudade",4
"tapera 1","Tapera 1",4
"tapera 3","Tapera 3",4
"terra nova","Terra Nova",4
"usina santo antonio","Usina Santo Antonio",4
"viana","Viana",4
"vila rainha","Vila Rainha",4
"vivenda dos coq ii","Vivenda Dos Coq Ii",4
"aeroporto","Aeroporto",3
"beira do tai","Beira Do Tai",3
"calabouco","Calabouco",3
"campo da areia","Campo Da Areia",3
"canaan","Canaan",3
"canal das flexas","Canal Das Flexas",3
"canna","Canna",3
"catarino","Catarino",3
"caxia de tocos","Caxia De Tocos",3
"cidade jardim","Cidade Jardim",3
"cobra velha","Cobra Velha",3
"ernesto machado","Ernesto Machado",3
"fazenda grande","Fazenda Grande",3
"giro faisca","Giro Faisca",3
"joao seixas","Joao Seixas",3
"jockey ii","Jockey Ii",3
"km15","Km15",3
"lagoa","Lagoa",3
"leopoldina","Leopoldina",3
"linha do limao","Linha Do Limao",3
"marcelo","Marcelo",3
"matutu","Matutu",3
"montese","Montese",3
"murundu","Murundu",3
"nova cidade","Nova Cidade",3
"nova esperanca","Nova Esperanca",3
"novo goytacazes","Novo Goytacazes",3
"olhos daqua i","Olhos Daqua i",3
"parque angelica","Pq Angelica",3
"parque nova brasilia bairro","Pq Nova Brasilia - Bairro",3
"parque santuario","Pq Santuario",3
"parque sao jorge","Pq Sao Jorge",3
"parque tinola","Parque Tinola",3
"parque vicente dias","Pq Vicente Dias",3
"paus amarelo","Paus Amarelo",3
"prado","Prado",3
"praia do sonho","Praia Do Sonho",3
"recanto das palmeiras","Recanto Das Palmeiras",3
"resid porto seguro","Resid Porto Seguro",3
"rosario","Rosario",3
"sao fidelis","Sao Fidelis",3
"sao francisco de itabapoana","Sao Francisco De Itabapoana",3
"sao mateus","Sao Mateus",3
"sao silvestre","Sao Silvestre",3
"soo jose","Sòo Jose",3
"tapera iii","Tapera Iii",3
"veneza","Veneza",3
"vera cruz","Vera Cruz",3
"vila dos pescadores","Vila Dos Pescadores",3
"a u","Aþu",2
"aldeia 1","Aldeia 1",2
"azeitona","Azeitona",2
"barra do furado","Barra Do Furado",2
"barra do jacare","Barra Do Jacare",2
"barra grande","Barra Grande",2
"barreiro","Barreiro",2
"bela vista","Bela Vista",2
"bem viver","Bem Viver",2
"boa esperanaa","Boa Esperanãa",2
"bom sucesso","Bom Sucesso",2
"bosque das acacias","Bosque Das Acacias",2
"cambaiba","Cambaiba",2
"campos limpo","Campos Limpo",2
"canal das flechas","Canal Das Flechas",2
"cantagalo","Cantagalo",2
"canto do rio","Canto Do Rio",2
"cardoso moreira","Cardoso Moreira",2
"casumba","Casumba",2
"cavaleiros","Cavaleiros",2
"cazumb","Cazumbß",2
"ceasa","Ceasa",2
"chapeu do sol","Chapeu Do Sol",2
"coqueiros","Coqueiros",2
"corrientes","Corrientes",2
"cristo rei","Cristo Rei",2
"dom bosco","Dom Bosco",2
"espiador","Espiador",2
"esplanada","Esplanada",2
"imburi de campos","Imburi De Campos",2
"inga","Inga",2
"jardim aeroporto","Jardim Aeroporto",2
"jardim campos","Jardim Campos",2
"jardim das palmeiras","Jardim Das Palmeiras",2
"jardim maria queiroz","Jardim Maria Queiroz",2
"jardim paraiso","Jardim Paraiso",2
"jardim vitoria","Jardim Vitoria",2
"km10","Km10",2
"km8","Km8",2
"lagoa do garcia","Lagoa Do Garcia",2
"liberdade","Liberdade",2
"lot atlantica","Lot Atlantica",2
"manhaes","Manhaes",2
"mata cruz","Mata Cruz",2
"nova canaan","Nova Canaan",2
"nova eldorado","Nova Eldorado",2
"novo","Novo",2
"parque canaa","Pq Canaa",2
"parque nova canao","Pq Nova Canaò",2
"parque rio branco","Pq Rio Branco",2
"piteiras","Piteiras",2
"ponta do carmo","Ponta Do Carmo",2
"ponto do coqueiro","Ponto Do Coqueiro",2
"porto belo","Porto Belo",2
"pra a joao pessoa","Praþa Joao Pessoa",2
"praca tiradentes","Praca Tiradentes",2
"residencial veneza","Residencial Veneza",2
"residencial veredas","Residencial Veredas",2
"ribeiro amaro","Ribeiro Amaro",2
"rio branco","Rio Branco",2
"santa catarina","Santa Catarina",2
"santa fe","Santa Fe",2
"santos drumont","Santos Drumont",2
"santuario","Santuario",2
"sao diogo","Sao Diogo",2
"sao domingos","Sao Domingos",2
"sao joao da barra","Sao Joao Da Barra",2
"sao luiz","Sao Luiz",2
"terminal pesqueiro","Terminal Pesqueiro",2
"tira gosto","Tira Gosto",2
"toco","Toco",2
"travessao de barra","Travessao De Barra",2
"usina sto antonio","Usina Sto Antonio",2
"valao seco","Valao Seco",2
"viegas","Viegas",2
"vila almeida","Vila Almeida",2
"vila manahes","Vila Manahes",2
"visconde de araujo","Visconde De Araujo",2
"xexe","Xexe",2
"6 marias","6 Marias",1
"aftima","Aftima",1
"aguas das pedras","Aguas Das Pedras",1
"ajuda de baixo","Ajuda De Baixo",1
"albuquerque","Albuquerque'",1
"aldeia i","Aldeia i",1
"alegria dos anjos","Alegria Dos Anjos",1
"alfaville","Alfaville",1
"almas do mato","Almas Do Mato",1
"alpha green","Alpha Green",1
"alphavile","Alphavile",1
"alphaville 2","Alphaville 2",1
"alphaville ii","Alphaville Ii",1
"alphaville iii","Alphaville Iii",1
"alphville 2","Alphville 2",1
"alto alegre","Alto Alegre",1
"alto camaro","Alto Camaro",1
"alto da boa vista","Alto Da Boa Vista",1
"amparo","Amparo",1
"ancora","Ancora",1
"angelica","Angelica",1
"areal","Areal",1
"aroeira","Aroeira",1
"arraial travessao","Arraial - Travessao",1
"artur bernardes","Artur Bernardes",1
"asilo do carmo q","Asilo Do Carmo q",1
"aterro","Aterro",1
"babora","Babora",1
"bairro da gloria","Bairro Da Gloria",1
"baixa gande","Baixa Gande",1
"balneario","Balneário",1
"balneario remanso","Balneario Remanso",1
"bananal","Bananal",1
"bandeirantes","Bandeirantes",1
"barao","Barao",1
"barao de macabu","Barao De Macabu",1
"barra de macae","Barra De Macae",1
"barra do rio branco","Barra Do Rio Branco",1
"barra funda","Barra Funda",1
"barro vermelho","Barro Vermelho",1
"beda","Beda",1
"bento ribeiro","Bento Ribeiro",1
"boca da barra","Boca Da Barra",1
"bocaina","Bocaina",1
"bom jardim","Bom Jardim",1
"bom jesus","Bom Jesus",1
"bomsucesso","Bomsucesso",1
"botafogo","Botafogo",1
"br 1011 km 03","Br 1011 Km 03",1
"bririri","Bririri",1
"c limpo","c Limpo",1
"c rrego de ouro","C¾rrego De Ouro",1
"caana","Caana",1
"caixoeira amorosa","Caixoeira Amorosa",1
"calabouao","Calabouão",1
"cambuci","Cambuci",1
"campo de area","Campo De Area",1
"campo grande","Campo Grande",1
"campo limp","Campo Limp",1
"campos de areia","Campos De Areia",1
"canto do rio toxos","Canto Do Rio Toxos",1
"canto dos ferreira","Canto Dos Ferreira",1
"capelo","Capelo",1
"caravelas","Caravelas",1
"carioca","Carioca",1
"carvoo","Carvòo",1
"casa","Casa",1
"caxumba","Caxumba",1
"cazunba","Cazunba",1
"centr","Centr",1
"centrio","Centrio",1
"centro mesquita","Centro Mesquita",1
"chapeu de sol","Chapeu De Sol",1
"cidade jardins","Cidade Jardins",1
"cidade nova","Cidade Nova",1
"cidade praiana","Cidade Praiana",1
"codieu","Codieu",1
"colegio","Colegio",1
"colinas","Colinas",1
"colonia","Colonia",1
"conceia o do imbe","Conceiã├o Do Imbe",1
"conrenteza","Conrenteza",1
"conrreteza","Conrreteza",1
"coroa","Coroa",1
"corrego","Corrego",1
"corrego do ouro","Corrego Do Ouro",1
"corrego fundo","Corrego Fundo",1
"corrintes","Corrintes",1
"cosmos","Cosmos",1
"cristo reis","Cristo Reis",1
"cubango","Cubango",1
"cupim","Cupim",1
"curicica","Curicica",1
"custodoolis","Custodoolis",1
"custopolis","Custopolis",1
"divineia","Divineia",1
"domana","Domana",1
"doutor lourenco","Doutor Lourenco",1
"ed salete","Ed Salete",1
"eld","Eld",1
"eldo","Eldo",1
"engenho novo","Engenho Novo",1
"enseada das gaivotas","Enseada Das Gaivotas",1
"espirito santo","Espirito Santo",1
"est da penha","Est Da Penha",1
"estrada do saco","Estrada Do Saco",1
"estrada nova","Estrada Nova",1
"estrada veiga","Estrada Veiga",1
"eudonado","Eudonado",1
"eustodopoles","Eustodopoles",1
"ext serramar","Ext Serramar",1
"far","Far,",1
"farl nautico","Farl - Nautico",1
"farol de sao tome radio velho","Farol De Sao Tome - Radio Velho",1
"farol xex","Farol - Xex╔",1
"farol xexe","Farol Xexe",1
"fazenda conceicao da barra","Fazenda Conceicao Da Barra",1
"fazenda franca","Fazenda Franca",1
"fazenda jacaranda","Fazenda Jacaranda",1
"flamboyant","Flamboyant",1
"flamoyant","Flamoyant",1
"foguete","Foguete",1
"fonseca","Fonseca",1
"francisco miranda","Francisco Miranda",1
"fronteira","Fronteira",1
"fundoo","Fundòo",1
"gaivota","Gaivota",1
"gardenia azul","Gardenia Azul",1
"giro fauco","Giro Fauco",1
"goy","Goy",1
"gravata","Gravata",1
"grupiaria","Grupiaria",1
"guarnieri","Guarnieri",1
"higienopolis","Higienopolis",1
"honorio gurgel","Honorio Gurgel",1
"iburi","Iburi",1
"industrial","Industrial",1
"ios","Ios",1
"itaim paulista","Itaim Paulista",1
"itaperanga","Itaperanga",1
"itereru","Itererú",1
"jardiim das figueiras","Jardiim Das Figueiras",1
"jardim acacias","Jardim Acacias",1
"jardim atlantico","Jardim Atlantico",1
"jardim bela vista","Jardim Bela Vista",1
"jardim camburi","Jardim Camburi",1
"jardim campomar","Jardim Campomar",1
"jardim cariova","Jardim Cariova",1
"jardim das acassia","Jardim Das Acassia",1
"jardim ideal","Jardim Ideal",1
"jardim maricea","Jardim Maricea",1
"jardim miriam","Jardim Miriam",1
"jardim pinheiro","Jardim Pinheiro",1
"jardim sao luiz","Jardim Sao Luiz",1
"jardim sao paulo","Jardim Sao Paulo",1
"jardim tropical","Jardim Tropical",1
"joao maria","Joao Maria",1
"jockey 02","Jockey 02",1
"jonas de almeida e silva","Jonas De Almeida e Silva",1
"joquei clib","Joquei Clib",1
"jose do petrocinio","Jose Do Petrocinio",1
"juarez","Juarez",1
"km 09","Km 09",1
"km 10","Km 10",1
"km 13 travessao","Km 13 Travessao",1
"km 16","Km 16",1
"km08","Km08",1
"km13","Km13",1
"km18","Km18",1
"lagamar farol","Lagamar - Farol",1
"lago da garcia","Lago Da Garcia",1
"lago feia","Lago Feia",1
"lagoa de cima i","Lagoa De Cima i",1
"lagoa doce","Lagoa Doce",1
"lagoa dos paus","Lagoa Dos Paus",1
"lagoinha","Lagoinha",1
"lapa ii","Lapa Ii",1
"largo de garcia","Largo De Garcia",1
"leons","Leons",1
"linha do limero","Linha Do Limero",1
"lucilda da silva domingos","Lucilda Da Silva Domingos",1
"lugonha","Lugonha",1
"luiz diego barbosa cerqueira","Luiz Diego Barbosa Cerqueira",1
"luza mota","Luza Mota",1
"macuci","Macuci",1
"malhaes","Malhaes",1
"manguinhos","Manguinhos",1
"maria ortiz","Maria Ortiz",1
"maria queiroz","Maria Queiroz",1
"marimbondo","Marimbondo",1
"marreca","Marreca",1
"marro grande","Marro Grande",1
"matinha","Matinha",1
"matuti","Matuti",1
"miguel couto","Miguel Couto",1
"mirandela","Mirandela",1
"mirante da lagoa","Mirante Da Lagoa",1
"monte verde","Monte Verde",1
"monteiro de sao bento","Monteiro De Sao Bento",1
"morada do sol","Morada Do Sol",1
"mussurepe bairro babosa","Mussurepe - Bairro Babosa",1
"nautico","Nautico",1
"nazario","Nazario",1
"nogueira","Nogueira",1
"nossa senhora aparecida","Nossa Senhora Aparecida",1
"nova america","Nova America",1
"nova basilia","Nova Basilia",1
"nova belem","Nova Belem",1
"nova brasiia","Nova Brasiia",1
"nova brasilia bairro","Nova Brasilia - Bairro",1
"nova canan","Nova Canan",1
"nova canna","Nova Canna",1
"nova cidade luz","Nova Cidade Luz",1
"nova divineio","Nova Divineio",1
"nova esperenca","Nova Esperenca",1
"nova goitazes","Nova Goitazes",1
"nova goiytacazes","Nova Goiytacazes",1
"nova grussai","Nova Grussai",1
"nova santa clara","Nova Santa Clara",1
"novo aeroporto","Novo Aeroporto",1
"novo canaa","Novo Canaa",1
"novo isaque bairro","Novo Isaque-Bairro",1
"novo j","Novo j",1
"novo joquei","Novo Joquei",1
"novo oriente","Novo Oriente",1
"novo rio das ostras","Novo Rio Das Ostras",1
"olhos d agua","Olhos d Agua",1
"oliveira botelho","Oliveira Botelho",1
"oq nova brasilia","Oq Nova Brasilia",1
"ouro verde","Ouro Verde",1
"p grossa","p Grossa",1
"p grossa dos fidalgos","P. Grossa Dos Fidalgos",1
"p saraiva","P. Saraiva",1
"p vargas","p Vargas",1
"palmaria","Palmaria",1
"paraiba do sul","Paraiba Do Sul",1
"paraiso","Paraiso",1
"paranoa","Paranoa",1
"parque aldeia 1","Pq Aldeia 1",1
"parque aldeia 1 bairro","Pq Aldeia 1 - Bairro",1
"parque aldeia 2","Pq Aldeia 2",1
"parque alplaville","Pq Alplaville",1
"parque boungaville","Pq Boungaville",1
"parque canao","Parque Canao",1
"parque ceu azul","Pq Ceu Azul",1
"parque faria","Pq Faria",1
"parque gandu","Pq Gandu",1
"parque jockey club 2","Pq Jockey Club 2",1
"parque joquei club","Parque Joquei Club",1
"parque juliao moreira","Parque Juliao Moreira",1
"parque nova canaa","Pq Nova Canaa",1
"parque nova eldorado","Pq Nova Eldorado",1
"parque palmeira","Parque Palmeira",1
"parque residencial","Pq Residencial",1
"parque rio preto","Pq Rio Preto",1
"parque rodovi rio","Parque Rodovißrio",1
"parque sao francisco","Pq Sao Francisco",1
"parque sao gregorio","Pq - Sao Gregorio",1
"parque sao joao","Parque Sao Joao",1
"parque sto amaro","Pq Sto Amaro",1
"parque tar","Pq Tar",1
"parque torenio miranda","Parque Torenio Miranda",1
"parque venda nova","Pq Venda Nova",1
"parque vicen","Parque Vicen",1
"parque vicente miranda","Pq Vicente Miranda",1
"parque visconde uruari","Parque Visconde Uruari",1
"parque visconde ururai","Pq Visconde Ururai",1
"parque visconde ururay","Pq Visconde Ururaý",1
"paus amarelos","Paus Amarelos",1
"pechincha","Pechincha",1
"pedregal","Pedregal",1
"pedregral","Pedregral",1
"pipeiras","Pipeiras",1
"pirai","Pirai",1
"pitangueiras","Pitangueiras",1
"planalto","Planalto",1
"ponta coqueiro","Ponta Coqueiro",1
"ponta da grossa","Ponta Da Grossa",1
"ponta do coqueirio","Ponta Do Coqueirio",1
"ponta gossa","Ponta Gossa",1
"ponta grossa dos fidalgos","Ponta Grossa Dos Fidalgos",1
"ponto da cacimbas","Ponto Da Cacimbas",1
"porto do carmo","Porto Do Carmo",1
"posto planicie","Posto Planicie",1
"praca tiradente","Praca Tiradente",1
"praia campista","Praia Campista",1
"praia da costa","Praia Da Costa",1
"praia do aau","Praia Do Aãu",1
"praia do morro","Praia Do Morro",1
"praia do pecado","Praia Do Pecado",1
"quixava","Quixava",1
"radio velho farol","Radio Velho Farol",1
"recanto","Recanto",1
"renata linhares gomes","Renata Linhares Gomes",1
"res maria turri","Res Maria Turri",1
"res rivieira","Res. Rivieira",1
"resid praia ancora","Resid Praia Ancora",1
"residencial santo antonio","Residencial Santo Antonio",1
"residencial vareza","Residencial Vareza",1
"ribeiro amaro bairro","Ribeiro Amaro - Bairro",1
"ribeiro do amaro","Ribeiro Do Amaro",1
"richuelo","Richuelo",1
"rio do viveiro","Rio Do Viveiro",1
"riveira","Riveira",1
"rivieira","Rivieira",1
"riviera","Riviera",1
"riviera fluminense","Riviera Fluminense",1
"ro","Ro",1
"roda agua","Roda Agua",1
"rua 15","Rua 15",1
"rua alcides vieira maciel","Rua Alcides Vieira Maciel",1
"rua do alto do elizeu","Rua Do Alto Do Elizeu",1
"rua luiz carlos de barros viana","Rua Luiz Carlos De Barros Viana",1
"rua principal","Rua Principal",1
"rui barbosa","Rui Barbosa",1
"s braga","s Braga",1
"s o caetano","S├o Caetano",1
"s o domingos","S├o Domingos",1
"s o jorge","S├o Jorge",1
"s o jose","S├o Jose",1
"s o martinho","S├o Martinho",1
"s o mateus","S├o Mateus",1
"s o sebastiao","S├o Sebastiao",1
"s o silvestre","S├o Silvestre",1
"s o vicente","S├o Vicente",1
"sai caetano","Saı Caetano",1
"sambra","Sambra",1
"santa barbara","Santa Barbara",1
"santa edwirges","Santa Edwirges",1
"santa margarida","Santa Margarida",1
"santa rita de cassaia","Santa Rita De Cassaia",1
"santa tereza","Santa Tereza",1
"santafe","Santafe",1
"santo amaro de campos","Santo Amaro De Campos",1
"santo maria de campos","Santo Maria De Campos",1
"sao daniel","Sao Daniel",1
"sao francisco","Sao Francisco",1
"sao joao barra","Sao Joao Barra",1
"sao joao da barra bairro","Sao Joao Da Barra - Bairro",1
"sao joaoquim","Sao Joaoquim",1
"sao luiz de mutuca","Sao Luiz De Mutuca",1
"sao martins","Sao Martins",1
"sao salvador","Sao Salvador",1
"sao sebastiao lan","Sao Sebastiao Lan",1
"sao vicente de paula","São Vicente De Paula",1
"serramar","Serramar",1
"setimo destrito","Setimo Destrito",1
"shopping estrada","Shopping Estrada",1
"sitio das garcas","Sitio Das Garcas",1
"sitio quissama","Sitio Quissama",1
"sivio ferras","Sivio Ferras",1
"sn","Sn",1
"solar jardim","Solar Jardim",1
"soledade 2","Soledade 2",1
"soledade ii","Soledade Ii",1
"soo benedito","Sòo Benedito",1
"soo domingos","Sòo Domingos",1
"soo jorge","Sòo Jorge",1
"soo josu","Sòo Josú",1
"soo mateus","Sòo Mateus",1
"soo matheus","Sòo Matheus",1
"soo sebastiao","Sòo Sebastiao",1
"sta helena","Sta Helena",1
"sta rosa","Sta Rosa",1
"tabuinha","Tabuinha",1
"tapera 02","Tapera 02",1
"tapera 03","Tapera 03",1
"tapera 3 bairro","Tapera 3- Bairro",1
"tapera casinhas 1","Tapera - Casinhas -1",1
"taquarassu","Taquarassu",1
"tarcisio miranda","Tarcisio Miranda",1
"tele santana","Tele Santana",1
"telesantana","Telesantana",1
"terra prometido","Terra Prometido",1
"terra promotida","Terra Promotida",1
"terra promterida","Terra Promterida",1
"thome","Thome",1
"tijuca","Tijuca",1
"tinola","Tinola",1
"torre telefonico","Torre Telefonico",1
"tr s vendas","Tr╩s Vendas",1
"tra","Tra",1
"trajano de moares","Trajano De Moares",1
"trav","Trav",1
"travess o","Travess├o",1
"travessa arraial","Travessa Arraial",1
"travessa sao joaquim","Travessa Sao Joaquim",1
"travessao bairro arraial","Travessao - Bairro Arraial",1
"travessao da barra","Travessao Da Barra",1
"travessoo bariri","Travessòo Bariri",1
"tropical","Tropical",1
"tropival","Tropival",1
"uenf","Uenf",1
"usina santa cruz bairro","Usina Santa Cruz - Bairro",1
"usina santo amaro","Usina Santo Amaro",1
"usina sao jose","Usina Sao Jose",1
"v romana","v Romana",1
"varanda do visconde","Varanda Do Visconde",1
"varnada do visconde","Varnada Do Visconde",1
"vassoura","Vassoura",1
"veneza residencial","Veneza Residencial",1
"venezas","Venezas",1
"vicente conaalves","Vicente Conãalves",1
"vila amendoeira","Vila Amendoeira",1
"vila augusto moreti","Vila Augusto Moreti",1
"vila bogari","Vila Bogari",1
"vila coroados","Vila Coroados",1
"vila cruzeiro","Vila Cruzeiro",1
"vila das amendoeiras","Vila Das Amendoeiras",1
"vila dioneia","Vila Dioneia",1
"vila manhhaes","Vila Manhhaes",1
"vila palha guandu","Vila Palha Guandu",1
"vila rica","Vila Rica",1
"vila romano","Vila Romano",1
"vila tamarindo","Vila Tamarindo",1
"vila velha","Vila Velha",1
"vila verde","Vila Verde",1
"vilage","Vilage",1
"virgem santa","Virgem Santa",1
"visconde 2","Visconde 2",1
"visconde de ururay","Visconde De Ururaý",1
"vista alegre","Vista Alegre",1
"vista do paraiba","Vista Do Paraiba",1
"vitoria","Vitoria",1
"vivenda do coq iiii","Vivenda Do Coq Iiii",1
"volta da figueira","Volta Da Figueira",1
"volta redondo","Volta Redondo",1
"zumbi dos palmares","Zumbi Dos Palmares",1
